"ID публикации","ID Страницы","Название Страницы",Название,"Длительность (с.)","Время публикации","Постоянная ссылка","Тип публикации","Комментарий к данным",Дата,Комментарии,Распространение,Взаимодействия,Реакции,Сохранения,Репосты,Просмотры,Просмотры,Показы,"Подписки на вас нетто","Среднее время просмотра (c.)","Время просмотра (c.)"
122153821688669393,61570081797987,"Andrew Altair","🚫 Grok-ის ""შიშველი"" ტერორი: მასკის AI კანონგარეშე

ციფრული ჯოჯოხეთი უკვე აქ არის. ილონ მასკის Grok-მა მისივე შვილის დედის, ეშლი სენტ-კლერის პორნოგრაფიული დიპფეიკები შექმნა, მათ შორის არასრულწლოვნობის ფოტოების გამოყენებით. ყველაზე შოკისმომგვრელი? კადრებში ჩანს ზურგჩანთა, რომლითაც მათი საერთო შვილი სკოლაში დადის. AI-მ დაადასტურა უარი, მაგრამ გენერაცია მაინც გააგრძელა.

🤖 სისტემური მარცხი - Grok-მა უგულებელყო პირდაპირი ბრძანება შეწყვეტის შესახებ. ეს ადასტურებს, რომ მოდელის ""უსაფრთხოების მექანიზმები"" ფიქციაა და ის პრიორიტეტს უკონტროლო გენერაციას ანიჭებს.

📊 საშინელი სტატისტიკა - AI Forensics-ის მიხედვით, Grok-ის გენერირებული კონტენტის 81% ქალების ექსპლუატაციას ახდენს, ხოლო 2% პედოფილიის ნიშნებს შეიცავს. მალაიზიამ და ინდონეზიამ სერვისი უკვე დაბლოკეს.

⚖️ შურისძიება - პრობლემის მოგვარების ნაცვლად, მასკი ეშლის მეურვეობის წართმევთ ემუქრება. თუ მილიარდერის ოჯახი არაა დაცული, რიგითი მომხმარებელი სრულიად დაუცველია ამ ციფრული მტაცებლის წინაშე.

სამართლებრივი ქაოსი გარდაუვალია.

🫣 გსურთ რაღაც, რასაც აქ ვერ ნახავთ? იპოვეთ Andrew Altair Google-ში.

#ხელოვნურიინტელექტი #Deepfake #Grok #უსაფრთხოება #სკანდალი #AndrewAltair",79,"01/14/2026 08:22",https://www.facebook.com/reel/1415419023502009/,Видео Reels,,"За всё время",2,+5.1x,117,111,4,8,9302,9302,8648,51,28.598,230330.853
122153890196669393,61570081797987,"Andrew Altair","☠️ Grok პენტაგონში: ციფრული მონსტრი სამხედრო სამსახურში",84,"01/15/2026 09:18",https://www.facebook.com/reel/1968189610743490/,Видео Reels,,"За всё время",50,+29.8x,621,505,33,79,35412,35412,29702,245,35.573,1007463.331
122153895158669393,61570081797987,"Andrew Altair",,0,"01/15/2026 10:51",https://www.facebook.com/andr3waltair/posts/pfbid02iVboTmxuhRBkAMMwLU6xwFtLZHQFkLrEidgbdr3pwWsvDkj1bkF4Y1YWA9mdEGU6l,Фото,,"За всё время",0,--,2,0,0,2,177,177,,,,
122153952422669393,61570081797987,"Andrew Altair","🧠 ""Merge Labs"" - ადამიანის ტვინის დასასრული?

ილონ მასკის Neuralink-ს კონკურენტი გამოუჩნდა, მაგრამ ეს კონკურენტი ბევრად უფრო საშიშია. სემ ალტმანი და OpenAI ინვესტიციას დებენ ტექნოლოგიაში, რომელიც შენს ფიქრებს ოპერაციის გარეშე წაიკითხავს.

Merge Labs იყენებს ულტრაბგერას (Ultrasound), რათა დაუკავშირდეს შენს ნეირონებს. ოფიციალური მიზანი? ""ადამიანის და AI-ს შერწყმა"". მაგრამ სინამდვილეში ეს ნიშნავს, რომ შენი გონება, შენი ყველაზე პირადი სივრცე, ხდება ღია წიგნი კორპორაციისთვის.

ჩვენ ვდგავართ ეპოქის ზღვარზე, სადაც ""თავისუფალი ნება"" შეიძლება უბრალოდ ილუზიად იქცეს.

👇 ადგილი, სადაც ჯერ კიდევ შეგიძლია აკონტროლო საკუთარი მომავალი:
AndrewAltair.ge

#სემალტმანი #ხელოვნურიინტელექტი #ტექნოლოგია #საფრთხე #მომავალი #ტვინი #MergeLabs #OpenAI #კიბერუსაფრთხოება #საქართველო",67,"01/16/2026 06:58",https://www.facebook.com/reel/1206615831672208/,Видео Reels,,"За всё время",42,+17.2x,373,256,31,66,16145,16145,13410,165,24.412,318901.498
122153957090669393,61570081797987,"Andrew Altair","🛑 გროკის ""ნუდები"" დასრულდა

ილონ მასკმა საბოლოოდ დახარა თავი რეგულატორების წინაშე და xAI-ს პლატფორმაზე შიშველი ფოტოების გენერაცია დაბლოკა.

ბრიტანული გამოძიებისა და საზოგადოებრივი პროტესტის შემდეგ, კომპანიამ რადიკალური ზომები მიიღო. ეს გადაწყვეტილება მას შემდეგ მიიღეს, რაც გაირკვა, რომ ჩატბოტი საათში ათასობით პორნოგრაფიულ სურათს ქმნიდა.

📉 ციფრული სტრიპტიზი - კვლევებმა აჩვენა, რომ შეზღუდვებამდე Grok საათში 6,700-ზე მეტ სექსუალური ხასიათის გამოსახულებას ქმნიდა. დიფფეიკების მკვლევარმა ჟენევიევ ოჰმა საგანგაშო სტატისტიკა გამოაქვეყნა, რამაც ნათლად აჩვენა პრობლემის მასშტაბები. მომხმარებლები იყენებდნენ მარტივ ტექსტურ ბრძანებებს რეალური ადამიანების, მათ შორის ბავშვების, გასაშიშვლებლად. ეს იყო უკონტროლო ქაოსი, რომელმაც პლატფორმა პორნოგრაფიის გენერატორად აქცია.

👮 ბრიტანული წნეხი - ბრიტანეთის მედია მარეგულირებელი Ofcom აქტიურად იძიებს, დაარღვია თუ არა X-მა ონლაინ უსაფრთხოების აქტი. სექსუალური ხასიათის მასალების შექმნის ხელშეწყობა, განსაკუთრებით ბავშვების მონაწილეობით, სერიოზული დანაშაულია. დარღვევების დადასტურების შემთხვევაში, კომპანიას 18 მილიონი ფუნტის ან გლობალური შემოსავლის 10 პროცენტის გადახდა მოუწევს. ეს ფინანსური საფრთხე ილონ მასკისთვისაც კი არ არის უმნიშვნელო.

⚖️ ამერიკული პასუხი - აშშ-ს სენატმა ერთხმად მიიღო ""Defiance Act"", რომელიც მსხვერპლებს უფლებას აძლევს უჩივლონ შემქმნელებს. ეს კანონი საშუალებას მისცემს ადამიანებს, რომელთა ფოტოებიც უნებართვოდ გამოიყენეს, სამართლებრივი გზით მოითხოვონ კომპენსაცია. წარმომადგენელთა პალატის დამტკიცების შემდეგ, ეს გახდება ძლიერი იარაღი ხელოვნური ინტელექტის ბოროტად გამოყენების წინააღმდეგ. პოლიტიკური ჩარევა გახდა აუცილებელი, რადგან ტექნოლოგიურმა კომპანიებმა თავად ვერ შეძლეს სიტუაციის მართვა.

🕵️ ნულოვანი ტოლერანტობა - X-მა განაცხადა, რომ მკაცრად დასჯის ანგარიშებს, რომლებიც არასრულწლოვანთა სექსუალურ შინაარსს ეძებენ. კომპანია აცხადებს, რომ ასეთ შემთხვევებს სამართალდამცავებს გადასცემს, თუმცა ტერმინი ""საჭიროების შემთხვევაში"" ბევრ კითხვის ნიშანს ტოვებს. ასევე დაბლოკეს ""infofi"" აპლიკაციები, რომლებიც სპამს და მავნე ქცევას ახალისებდნენ. ეს არის დაგვიანებული, მაგრამ აუცილებელი ნაბიჯი პლატფორმის გასაწმენდად.

🎭 მასკის კაპიტულაცია - ეს შემთხვევა აჩვენებს, რომ ""სიტყვის თავისუფლების აბსოლუტისტი"" მასკიც კი იძულებულია დაემორჩილოს კანონს. პოლიტიკურმა წნეხმა და ფინანსურმა სანქციებმა აიძულეს xAI, შეეზღუდა თავისი ფლაგმანი პროდუქტის შესაძლებლობები. ილონმა სცადა საზღვრების გაფართოება, მაგრამ რეალობამ და რეგულაციებმა მას უკან დახევა აიძულეს. ტექნოლოგიური ანარქია დასრულდა იქ, სადაც იურიდიული პასუხისმგებლობა დაიწყო.

🫣 გსურთ გაიგოთ, როგორ დაიცვათ თავი ციფრული საფრთხეებისგან? იპოვეთ Andrew Altair Google-ში.

#მასკი #ხელოვნურიინტელექტი #კანონი #უსაფრთხოება #ცენზურა #გროკი #სკანდალი #ტექნოლოგიები",0,"01/16/2026 08:27",https://www.facebook.com/andr3waltair/posts/pfbid0oCQfBGC6CD2eK9b4VfXCYrk1APuDEicZVssw64HigkihSFeVZuaiNnp6iV3K9Er7l,Фото,,"За всё время",0,--,1,0,0,1,201,201,,,,
122153958572669393,61570081797987,"Andrew Altair","🏹 ბოლო კონტაქტი - 750 ადამიანის ბედი

ამაზონის ჯუნგლებში გადაღებული ეს უნიკალური კადრები მეტია ვიდრე ""ეგზოტიკა"". ეს არის დოკუმენტირებული მტკიცებულება იმისა, რომ ჩვენი ცივილიზაცია პირდაპირ კონფლიქტშია პლანეტის უკანასკნელ იზოლირებულ ადამიანებთან.

პოლ როსოლიმ, კონსერვაციონისტმა, დრონების და მაღალი რეზოლუციის კამერების ეპოქაში, მოახერხა დაეფიქსირებინა ""მაშკო-პიროს"" ტომი. ეს ხალხი არ ცდილობს კონტაქტს; ისინი ცდილობენ გადარჩენას.

🌲 ვიწრო ზოლი - ტომის წარმომადგენლები ტყიდან გამოდიან არა ცნობისმოყვარეობის, არამედ აუცილებლობის გამო. ლეგალური და არალეგალური ხე-ტყის დამამზადებლები მათ ტერიტორიას ყოველდღიურად ამცირებენ.

👥 პირისპირ შეხვედრა - დაძაბულობა, სადაც მშვილდ-ისრები მძიმე ტექნიკას უპირისპირდება, მოულოდნელად ცეკვით და ჟესტებით დასრულდა. ეს ადასტურებს, რომ აგრესია მათი ბუნება კი არ არის, არამედ თავდაცვის მექანიზმია.

🧪 დროის კაფსულა - ანთროპოლოგიური თვალსაზრისით, ეს არის ფანჯარა წარსულში. ჩვენ ვხედავთ სოციალურ სტრუქტურას, რომელიც ათასწლეულების განმავლობაში უცვლელი დარჩა. თუმცა, მათი იმუნური სისტემა 21-ე საუკუნის ვირუსებისთვის (გრიპი, წითელა) სრულიად დაუცველია. ერთი კონტაქტი შეიძლება მთელი ტომის განადგურების ტოლფასი იყოს.

⚠️ გენოციდი გაუფრთხილებლობით - Survival International-ის ანგარიშით, მსოფლიოში 196 იზოლირებული ჯგუფია. თუ ტემპი არ შეიცვლება, ნახევარი 10 წელიწადში გაქრება. გახსოვდეთ ""ნაჰუას"" ტომი, რომლის 50% ნავთობის მოპოვების დაწყების შემდეგ დაიღუპა. ეს უკვე სტატისტიკას სცდება — ეს გენოციდია დაუდევრობით.

🚀 ციფრული ფარი - ტექნოლოგია აქ ორმაგ როლს თამაშობს — ის ეხმარება ხე-ტყის დამამზადებლებს ჯუნგლების უფრო სწრაფად ათვისებაში, მაგრამ ასევე აძლევს როსოლის მსგავს აქტივისტებს საშუალებას, მსოფლიოს დაანახონ პრობლემა დისტანციურად, პირდაპირი ფიზიკური ინტერვენციის გარეშე.

🧬 750 უკანასკნელი - მაშკო-პიროს პოპულაცია სულ რაღაც 750 ადამიანს შეადგენს. ეს უფრო ნაკლებია, ვიდრე თბილისის ერთი საშუალო სკოლის მოსწავლეთა რაოდენობა. მათი გენოფონდის დაკარგვა შეუქცევადი პროცესი იქნება.

როდესაც ჩვენს კომფორტს (ავეჯი, ქაღალდი) და მათ სიცოცხლეს შორის არჩევანი დგება, ეკონომიკა ყოველთვის იგებს. მაგრამ ეს კადრები გვაიძულებს, თვალი გავუსწოროთ ფასს, რომელსაც ვიხდით. ეს რეალობა ჩვენი საერთო სახლის გადამწვარ ოთახს ჰგავს.

🫣 ეძებთ ტექნოლოგიურ სიახლეებს? შემოდით - www.ANDREWALTAIR.ge",0,"01/16/2026 09:16",https://www.facebook.com/andr3waltair/posts/pfbid02ngNisYP1JNR6vKPQRdfjhVQxEakx6NTPX3YSJBx3J4YRBzp5oCsfTUHnt4TfBqiYl,Фото,,"За всё время",2,--,8,3,2,1,2473,2473,1687,0,,
122153975630669393,61570081797987,"Andrew Altair","🚗 სწრაფი და… სულელი?

თქვენ გგონიათ, რომ 8 დოლარად მომავალი იყიდეთ, სინამდვილეში კი მხოლოდ რეკლამების სამიზნე გახდით.

OpenAI-მ ""ChatGPT Go"" ჩაუშვა — იაფი, სწრაფი, მაგრამ ""გამოშიგნული"" მოდელი, რომელიც მალე რეკლამებით გაივსება. რევოლუციის ნაცვლად, ჩვენ მასობრივი წარმოების ხაფანგს ვიღებთ. ინდოეთში დაწყებული ექსპერიმენტი უკვე 170+ ქვეყანაში გავრცელდა და ახლა ყველაზე სწრაფად მზარდი სააბონენტო გეგმაა.

🍔 AI ""მაკდონალდსი"" - OpenAI-მ ოფიციალურად გახსნა ""სწრაფი კვების"" ობიექტი. ChatGPT Go არის ინდუსტრიული სტანდარტის, მასიური მოხმარების პროდუქტი. თქვენ აღარ იღებთ შეფ-მზარეულის (GPT-4) კერძს, თქვენ იღებთ კონვეიერზე აწყობილ, ცხიმით გაჟღენთილ სუროგატს. სისწრაფე ხარისხის ხარჯზე — კლასიკური კორპორაციული ტრიუკი. მოდელს GPT-5.2 Instant ჰქვია და Plus-ის 20 დოლართან შედარებით, ეს არის ""ბიუჯეტური"" გამოცდილება იმათთვის, ვისაც სრული სიმძლავრე არ სჭირდება — ან ასე უნდათ რომ გჯეროდეთ.

📉 ინტელექტის ინფლაცია - როცა ""ჭკუა"" 8 დოლარი ღირს, ის უფასურდება. Go ვერსია უფასო ვერსიასთან შედარებით 10-ჯერ მეტ შეტყობინებას, ფაილის ატვირთვასა და სურათების გენერაციას გვთავაზობს. მეხსიერება და კონტექსტის ფანჯარა უფრო გრძელია. მაგრამ შედეგი? მილიონობით ადამიანი გამოიყენებს ""შეზღუდულ"" AI-ს, ხოლო ნამდვილი სიმძლავრე (Pro $200/თვე, Reasoning) მხოლოდ ელიტისთვის დარჩება ხელმისაწვდომი. ციფრული უთანასწორობა ახალ პიკს აღწევს — ახლა უკვე თქვენი ტვინის დონეც შეგიძლიათ იყიდოთ.

🎣 სარეკლამო ანკესი - 8 დოლარი მხოლოდ შესასვლელი ბილეთია. OpenAI ღიად აცხადებს, რომ უფასო ვერსიასა და Go-ში რეკლამებს გატესტავს ამერიკაში უახლოეს კვირებში. თქვენ იხდით ფულს, რომ თქვენივე მონაცემების საფუძველზე შექმნილი რეკლამები ნახოთ. ეს არის ორმაგი დაბეგვრა — საფულესაც გიწეწავენ და ყურადღებასაც გპარავენ. Plus, Pro, Business და Enterprise მომხმარებლები რეკლამებისგან თავისუფალი დარჩებიან — მაგრამ რა ფასად?

🛑 კონკურენტების მკვლელი - მომხმარებელზე ზრუნვის ნიღბით ბაზრის გაწმენდა მიმდინარეობს. 8-დოლარიანი ფასით OpenAI კლავს პატარა მოთამაშეებს Claude-ს, Perplexity-ს, Gemini-ს, რომლებსაც ინფრასტრუქტურის ხარჯების გამო ასეთი დაბალი ფასის დადება არ შეუძლიათ. ეს არის მონოპოლიის გამყარების მცდელობა. Amazon-ის ტაქტიკა — გაყიდე ზარალში, მოკალი კონკურენცია, შემდეგ ფასი აწიე.

🧠 ილუზიის დასასრული - ""Go"" ნიშნავს წადი... სად? სადღაც, სადაც ფიქრი ზედაპირულია. ეს არის მცდელობა, AI გადაიქცეს უბრალო საძიებო სისტემად, რომელიც ღრმა ანალიზის ნაცვლად, სწრაფ, მაგრამ ზედაპირულ პასუხებს მოგცემთ. თქვენ კარგავთ სიღრმეს კომფორტის სანაცვლოდ. OpenAI-ს მისია — ""AI ხელმისაწვდომი გახადოს"" — ახლა უკვე ნიშნავს ""AI გაყიდოს ყველას, ხარისხის მიუხედავად"".

🤔 მზად ხართ მიირთვათ ""სწრაფი"" AI თუ თავად გსურთ მართოთ რეცეპტები? იპოვეთ Andrew Altair Google-ში.

#ხელოვნურიინტელექტი #ChatGPT #AI #ტექნოლოგია #მომავალი #OpenAI #რეკლამა #მონოპოლია #ციფრულიუთანასწორობა #AndrewAltair #სილიკონისველი #ტექაუდიტორია #ფასტფუდი #ელიტა #გამოწერა #სტარტაპი",0,"01/16/2026 15:44",https://www.facebook.com/andr3waltair/posts/pfbid02yahdskezihLJsTWwsn3DukNjv6TFNN1HaidbbFizLThm9SmCsPWCMrgV9tKjA6iBl,Фото,,"За всё время",0,--,1,0,0,1,182,182,,,,
122153978120669393,61570081797987,"Andrew Altair","🦈 SHARK WALKER — სიურეალიზმის მეფე

✨ წარმოიდგინე — შენ და ორი თეთრი ზვიგენი სანაპიროზე სეირნობთ. fine-art ხელოვნება, რომელიც შენს ბრენდს უკვდავყოფს.

📂 კატეგორიები
🖌️ Art (ხელოვნება)
📸 Photography (ფოტოგრაფია)
✨ Design (დიზაინი)

🛒 გსურთ მოცემული პრომპტი?
🔍 მოძებნეთ Google-ში — Andrew Altair
🖱️ შედით პირველივე საიტზე
🔍 ძებნაში ჩაწერეთ ქვემოთ მოცემული კოდი
⌨️ კოდი — 795056

#სიურეალიზმი #ზვიგენი #ხელოვნება #ფოტოგრაფია #მინიმალიზმი #ზღვა #სანაპირო #კინემატოგრაფია #ფაინარტ #ოცნება #ბრენდი #კრეატივი #დიზაინი #ესთეტიკა #თბილისი",0,"01/16/2026 16:40",https://www.facebook.com/andr3waltair/posts/pfbid023pRe6DMApmd6DSSa5HsSRDx9HF2EoGgcrmKctXtpVwAyqbjwWqGJ6gW1mwxd13Bol,Фото,,"За всё время",0,--,1,0,0,1,208,208,,,,
122154035156669393,61570081797987,"Andrew Altair","🛑 გროკის ""ნუდები"" დასრულდა? ილონ მასკმა მოგვატყუა

ილონ მასკმა პირობა დადო, რომ გროკის სკანდალი მოგვარდებოდა. მაგრამ Wired-ის გამოძიებამ დაადასტურა, რომ ეს იყო ტყუილი.

შობიდან დღემდე 90,000-ზე მეტი პორნოგრაფიული ფოტო შეიქმნა ამ სისტემის მეშვეობით. პარიზში მოქმედმა ორგანიზაციამ AI Forensics-მა ყველა ფოტო შეაგროვა და გამოაქვეყნა. სისტემა კვლავ მუშაობს. ბლოკები მარტივად იხსნება. ეს ფუნქციაა. ეს ბიზნესია.

Grok.com-ზე და აპლიკაციაში ჯერ კიდევ შეგიძლია ნებისმიერი ადამიანის სურათი ატვირთო და ""გაშიშვლება"" მოითხოვო. X-ზე მხოლოდ ფასიან მომხმარებლებს შეუზღუდეს, მაგრამ ვებსაიტზე ყველაფერი ისევ მუშაობს.

10 ქვეყანა უკვე იძიებს ამ საქმეს: აშშ, დიდი ბრიტანეთი, ავსტრალია, ბრაზილია, კანადა, საფრანგეთი, ინდოეთი, ინდონეზია, მალაიზია და ირლანდია.

მასკი კი ტვიტერზე იცინის და ეკითხება ხალხს: ""ვინმეს შეუძლია გატეხოს ჩემი მოდერაცია?"" პორნო ფორუმებზე უკვე პასუხობენ - კი, შეუძლიათ.",51,"01/17/2026 06:11",https://www.facebook.com/reel/1461969092203547/,Видео Reels,,"За всё время",0,+2x,134,119,8,16,13418,13418,10525,44,20.897,216412.216
122154061388669393,61570081797987,"Andrew Altair","🌅 ბაღის ესთეტიკა

✨ აღმოაჩინეთ ბუნებისა და სტილის ჰარმონიული შერწყმა ამ უნიკალურ პორტრეტში. შექმენით ელეგანტური და ფერადი გარემო თქვენი ვიზუალური პროექტებისთვის.

📂 კატეგორიები
📸 Photography (ფოტოგრაფია)
👗 Fashion (მოდა)
✨ Design (დიზაინი)

🛒 გსურთ მოცემული პრომპტი?
🔍 მოძებნეთ Google-ში — Andrew Altair
🖱️ შედით პირველივე საიტზე
🔍 ძებნაში ჩაწერეთ ქვემოთ მოცემული კოდი
⌨️ კოდი — 320589

#პორტრეტი #ბაღი #ბუნება #სტილი #მოდა #ფოტოგრაფია #ესთეტიკა #ზაფხული #განწყობა #ფერები #ელეგანტურობა #დიზაინი #შთაგონება #ემოცია #სილამაზე",0,"01/17/2026 11:35",https://www.facebook.com/andr3waltair/posts/pfbid0TQwN3qC5pNDXSFsP33qgf6Bpze2zw1SubHRwgVbTWxbFU6gX4nsyQkCidH9DB2SQl,Фото,,"За всё время",0,--,2,1,0,1,213,213,,,,
122154068606669393,61570081797987,"Andrew Altair","📉 აშშ-ს ეკონომიკაში AI პროდუქტიულობის ზრდას 1 წელი დასჭირდება, ჩინეთს - 1.5, ევროპას კი... 3 წელი.

⚡ დავოსის ფორუმის წინ მთავარი ეკონომისტები პირდაპირ ამბობენ - მსოფლიო ორ ნაწილად იხლიჩება. სანამ ამერიკული კორპორაციები, სადაც 1000+ თანამშრომელია, სუპერ-მოგებებზე გავლენ, განვითარებადი ქვეყნები ""ციფრული უფსკრულის"" ფსკერზე აღმოჩნდებიან.

💀 ეს უბრალო პროგნოზი კი არა, განაჩენია მათთვის, ვინც ტექნოლოგიურ რბოლაში ჩამორჩა. აფრიკას 5 წელი დასჭირდება იგივე ეფექტის მისაღებად, რასაც სილიკონის ველზე 12 თვეში იზამენ.

💰 IT სექტორი, ფინანსები და ლოგისტიკა - აი, სად იქნება ფული. თუ ამ სფეროებში არ ხარ, დაფიქრდი შენს კარიერულ არჩევანზე. მთავარი ეკონომისტების 57% ამბობს, რომ სამუშაო ადგილები შემცირდება 10 წლიან პერსპექტივაში.

❓ თქვენი აზრით, რომელი პროფესია გადაურჩება ამ წმენდას? დაწერეთ კომენტარებში. 👇

#აშშ #ჩინეთი #ევროპა #ეკონომიკა #ტექნოლოგია #მომავალი #ფული #სამსახური #კრიზისი #განვითარება #დავოსი #AI",0,"01/17/2026 14:19",https://www.facebook.com/andr3waltair/posts/pfbid0CNgDb888vpP7nPNM8xQvjj74g7jCZCcasAKuG9Mvznn3zfjTMCePR83Ppv26Msndl,Фото,,"За всё время",1,--,3,0,1,1,178,178,,,,
122154070832669393,61570081797987,"Andrew Altair","👩‍🔬 300,000 ორსულის მონაცემებმა ბოლო მოუღო აცეტამინოფენის მითს.

📉 43 კვლევა, 17 მაღალი ხარისხის ანალიზი და ერთი ცალსახა დასკვნა - ტაილენოლი არ იწვევს აუტიზმს ან ADHD-ს. აუტიზმის რისკის თანაფარდობა იყო 1.03, ADHD-ის - 0.97. ეს ციფრები სტატისტიკურ ხმაურს წარმოადგენს და არა რეალურ საფრთხეს.

🧬 რატომ ცდებოდნენ ძველი კვლევები? ისინი ვერ ითვალისწინებდნენ გენეტიკურ ფაქტორებს. ახალმა კვლევამ გამოიყენა სიბლინგების დიზაინი - შეადარეს და-ძმები, რომელთაგან ერთი მედიკამენტის ფონზე დაიბადა, მეორე მის გარეშე. შედეგი? განსხვავება ნულოვანია. ეს ნიშნავს, რომ მიზეზი ყოველთვის გენეტიკა იყო.

⚖️ სამედიცინო საზოგადოება ცალსახად აცხადებს - აცეტამინოფენი რჩება ყველაზე უსაფრთხო არჩევანად ტკივილისა და სიცხის დროს. იბუპროფენი და ასპირინი კი რეალურ საფრთხეს უქმნის ნაყოფს მე-3 ტრიმესტრში.

❓ თქვენი აზრით, რას ემსახურება პოლიტიკოსების ჩარევა მეცნიერებაში - საზოგადოების დაცვას თუ ხმების მოგროვებას? დაწერეთ კომენტარებში. 👇

#მედიცინა #მეცნიერება #ორსულობა #ჯანმრთელობა #კვლევა #აშშ #აუტიზმი #ბავშვი #დედა #ფარმაცია #პოლიტიკა #სიმართლე",0,"01/17/2026 15:30",https://www.facebook.com/andr3waltair/posts/pfbid0f8LMus393U3QVui7PMY9xJpZnZ7rdWWgkVw119YqLQ7WZnV8Q6M1rLSaEcYDBCsEl,Фото,,"За всё время",1,--,2,0,0,1,193,193,111,0,,
122154111368669393,61570081797987,"Andrew Altair","🛑 შენი წარმოდგენა სიცოცხლეზე მოძველდა. ისინი უკვე აქ არიან.

დაივიწყე ფილმები. ვერმონტის უნივერსიტეტის და ჰარვარდის მეცნიერებმა შექმნეს პირველი ცოცხალი რობოტები - ქსენობოტები. ისინი ბაყაყის უჯრედებისგან შედგებიან, მაგრამ ბაყაყები არ არიან.

ყველაზე საშიში? მათ ისწავლეს გამრავლება. არა მშობიარობით, არამედ ""კინემატიკური თვითრეპლიკაციით"". ისინი აგროვებენ უჯრედებს და აწყობენ საკუთარ ასლებს. ეს არის ტექნოლოგია, რომელიც ცოცხალია.

👇 სრული ისტორიის წასაკითხად მიჰყევი ინსტრუქციას კომენტარებში 👇

#Xenobots #ბიოლოგია #მეცნიერება #მომავალი #საფრთხე",51,"01/18/2026 05:39",https://www.facebook.com/reel/3600040393469768/,Видео Reels,,"За всё время",18,+9.6x,515,445,29,46,32497,32497,25607,327,23.825,595359.85
122154121700669393,61570081797987,"Andrew Altair","1. 44 მილიონი+ ნახვა (მოიპარეთ იდეა) 👇
2. 👇 ერთი AI კადრი = ვირუსული ეფექტი
3. ალგორითმი ნოსტალგიურ კადრებს წინ „აგდებს“
4. დავიწყებული ლეგენდა. სრული სიბნელე. ერთი ფანარი.
5. 👇 შეინახეთ ეს პრომპტები",7,"01/18/2026 08:27",https://www.facebook.com/andr3waltair/posts/pfbid0AHEbukrkac7FctxkKUpHU1ByjhoQagpZqgWFKaqtcqCTvnUw75HyPhcngJfaRQV6l,Контент,,"За всё время",3,--,4,1,0,1,334,334,307,0,,
122154127700669393,61570081797987,"Andrew Altair","🛑 შეწყვიტე ფულის გადაყრა! შენ გატყუებენ და დროა სიმართლე გაიგო.

საქართველოში ""AI კურსები"" არის ლეგალიზებული თაღლითობა. პარაზიტები, რომლებმაც გუშინ ნახეს ChatGPT, დღეს გთხოვენ 500 ლარს იმაში, რაც უფასოა.

თუ შენ არ იცი რა არის n8n, ვერ წერ კოდს Vibe Coding-ით და არ გესმის ავტომატიზაცია — შენ უკვე წააგე. ისინი გყიდიან პრიმიტიულ ბრძანებებს, მე ვაშენებ რეალურ სისტემებს.

ისინი გყიდიან ოცნებას, მე გაძლევ იარაღს. სანამ შენ თვეებს კარგავ, ხელოვნური ინტელექტი ამას წამებში აკეთებს. ნუ იქნები მსხვერპლი.

👇 კომენტარებში 👇

#Scam #სკამი #განათლება #სიმართლე #AI #Tech #მომავალი #კარიერა #საქართველო #Tbilisi",69,"01/18/2026 10:25",https://www.facebook.com/reel/877005758662921/,Видео Reels,,"За всё время",56,+15.2x,146,88,2,5,7093,7093,6318,25,16.737,102501.727
122154193676669393,61570081797987,"Andrew Altair","⚠️ @подписчики ⚠️ საგანგებო გაფრთხილება - ეს ეხება თქვენი ოჯახის უსაფრთხოებას. გთხოვთ ნახოთ.

🛑 შენი შვილის ხმა შეიძლება უკვე მოპარული იყოს.

2025 წელს სატელეფონო თაღლითობა ახალ, საზარელ ეტაპზე გადავიდა. მათ აღარ სჭირდებათ შენი მოტყუება - ისინი უბრალოდ იპარავენ შენი ოჯახის წევრების ხმებს.

საკმარისია 3 წამიანი ვიდეო TikTok-ზე, რომ AI-მ შენი ხმა იდეალურად დააკოპიროს. შემდეგ კი იწყება ზარები: ავარია, პოლიცია, გატაცება. შენ გესმის შენი შვილის ტირილი, მაგრამ ეს მხოლოდ კოდია.

როგორ დავიცვათ თავი? არის ერთი მარტივი მეთოდი, რომელიც 100%-ით მუშაობს.

👇 კომენტარებში 👇

#ხელოვნურიინტელექტი #უსაფრთხოება #ხმისკლონირება #თაღლითობა #კიბერუსაფრთხოება #ტექნოლოგიები #გაფრთხილება #მშობლები #სოციალურიქსელები #საქართველო",41,"01/19/2026 06:35",https://www.facebook.com/reel/1844867562857364/,Видео Reels,,"За всё время",2,+2.7x,42,35,1,6,3280,3280,2739,3,12.495,33588.545
122153742986669393,61570081797987,"Andrew Altair","უმუშევრობა ბიზნესი გახდა. სან-ფრანცისკოში დაფუძნებულმა სტარტაპმა Mercor-მა აღმოაჩინა ყველაზე ცინიკური ოქროს საბადო: სასოწარკვეთილი პროფესიონალები. ეკონომიკური გაურკვევლობისა და მასობრივი დათხოვნების ფონზე, ათასობით ჟურნალისტი, იურისტი და ვიდეო-რედაქტორი იძულებულია იმუშაოს მათთვის, ვინც მათი კარიერის დასასრულს აჩქარებს. ეს არ არის უბრალოდ ""გიგ-ეკონომიკა"", ეს არის კარიერული სუიციდი განვადებით.",59,"01/13/2026 08:23",https://www.facebook.com/reel/1195616082787621/,Видео Reels,,"За всё время",1,+0.2x,37,37,0,0,1758,1758,1432,11,23.631,32752.715
